<?xml version="1.0" encoding="utf-8"?>
<mda:DS_OtherAggregate xmlns:xsi="http://www.w3.org/2001/XMLSchema-instance" xsi:schemaLocation="http://standards.iso.org/iso/19115/-3/mda/1.0 mda.xsd"
    xmlns:mda="http://schemas.isotc211.org/19115/-3/mda/1.0" xmlns:mdb="http://schemas.isotc211.org/19115/-3/mdb/1.0" xmlns:mcc="http://schemas.isotc211.org/19115/-3/mcc/1.0"
    xmlns:gco="http://schemas.isotc211.org/19115/-3/gco/1.0" xmlns:mri="http://schemas.isotc211.org/19115/-3/mri/1.0" xmlns:lan="http://schemas.isotc211.org/19115/-3/lan/1.0"
    xmlns:cit="http://schemas.isotc211.org/19115/-3/cit/1.0">
    <!-- 
        This sample record demonstrates some of the structures available in the Metadata Application conformance class 
    -->
    <mda:has>
        <mdb:MD_Metadata>
            <!--
                This MD_Metadata record describes the entire DS_OtherAggregate. In 19115 it was called seriesMetadata.
            -->
            <mdb:contact>
                <cit:CI_Responsibility>
                    <cit:role>
                        <cit:CI_RoleCode codeList="codeListLocation#CI_RoleCode" codeListValue="pointOfContact">pointOfContact</cit:CI_RoleCode>
                    </cit:role>
                    <cit:party>
                        <cit:CI_Organisation>
                            <cit:name>
                                <gco:CharacterString>Organisation Name</gco:CharacterString>
                            </cit:name>
                        </cit:CI_Organisation>
                    </cit:party>
                </cit:CI_Responsibility>
            </mdb:contact>
            <mdb:dateInfo>
                <cit:CI_Date>
                    <cit:date>
                        <gco:DateTime>2014-04-03T16:00:00</gco:DateTime>
                    </cit:date>
                    <cit:dateType>
                        <cit:CI_DateTypeCode codeList="codeListLocation#CI_DateTypeCode" codeListValue="creation">creation</cit:CI_DateTypeCode>
                    </cit:dateType>
                </cit:CI_Date>
            </mdb:dateInfo>
            <mdb:identificationInfo>
                <mri:MD_DataIdentification>
                    <mri:citation>
                        <cit:CI_Citation>
                            <cit:title>
                                <gco:CharacterString>Sample Metadata for Minimal Conformance Class</gco:CharacterString>
                            </cit:title>
                        </cit:CI_Citation>
                    </mri:citation>
                    <mri:abstract>
                        <gco:CharacterString>This sample record has all required elements for minimal ISO 19115:2013 metadata</gco:CharacterString>
                    </mri:abstract>
                </mri:MD_DataIdentification>
            </mdb:identificationInfo>
        </mdb:MD_Metadata>
    </mda:has>
    <mda:composedOf>
        <mda:DS_Series>
            <mda:has>
                <!--
                    This MD_Metadata record that describes the DS_Series. In 19115 it was called seriesMetadata.
                -->
                <mdb:MD_Metadata>
                    <mdb:contact>
                        <cit:CI_Responsibility>
                            <cit:role>
                                <cit:CI_RoleCode codeList="codeListLocation#CI_RoleCode" codeListValue="pointOfContact">pointOfContact</cit:CI_RoleCode>
                            </cit:role>
                            <cit:party>
                                <cit:CI_Organisation>
                                    <cit:name>
                                        <gco:CharacterString>Organisation Name</gco:CharacterString>
                                    </cit:name>
                                </cit:CI_Organisation>
                            </cit:party>
                        </cit:CI_Responsibility>
                    </mdb:contact>
                    <mdb:dateInfo>
                        <cit:CI_Date>
                            <cit:date>
                                <gco:DateTime>2014-04-03T16:00:00</gco:DateTime>
                            </cit:date>
                            <cit:dateType>
                                <cit:CI_DateTypeCode codeList="codeListLocation#CI_DateTypeCode" codeListValue="creation">creation</cit:CI_DateTypeCode>
                            </cit:dateType>
                        </cit:CI_Date>
                    </mdb:dateInfo>
                    <mdb:identificationInfo>
                        <mri:MD_DataIdentification>
                            <mri:citation>
                                <cit:CI_Citation>
                                    <cit:title>
                                        <gco:CharacterString>Sample Metadata for Minimal Conformance Class</gco:CharacterString>
                                    </cit:title>
                                </cit:CI_Citation>
                            </mri:citation>
                            <mri:abstract>
                                <gco:CharacterString>This sample record has all required elements for minimal ISO 19115:2013 metadata</gco:CharacterString>
                            </mri:abstract>
                        </mri:MD_DataIdentification>
                    </mdb:identificationInfo>
                </mdb:MD_Metadata>
            </mda:has>
            <mda:composedOf>
                <mda:DS_DataSet>
                    <mda:has>
                        <mdb:MD_Metadata>
                            <!--
                                This MD_Metadata record that describes part of the DS_DataSet. In 19115 it was called seriesMetadata.
                            -->
                            <mdb:contact>
                                <cit:CI_Responsibility>
                                    <cit:role>
                                        <cit:CI_RoleCode codeList="codeListLocation#CI_RoleCode" codeListValue="pointOfContact">pointOfContact</cit:CI_RoleCode>
                                    </cit:role>
                                    <cit:party>
                                        <cit:CI_Organisation>
                                            <cit:name>
                                                <gco:CharacterString>Organisation Name</gco:CharacterString>
                                            </cit:name>
                                        </cit:CI_Organisation>
                                    </cit:party>
                                </cit:CI_Responsibility>
                            </mdb:contact>
                            <mdb:dateInfo>
                                <cit:CI_Date>
                                    <cit:date>
                                        <gco:DateTime>2014-04-03T16:00:00</gco:DateTime>
                                    </cit:date>
                                    <cit:dateType>
                                        <cit:CI_DateTypeCode codeList="codeListLocation#CI_DateTypeCode" codeListValue="creation">creation</cit:CI_DateTypeCode>
                                    </cit:dateType>
                                </cit:CI_Date>
                            </mdb:dateInfo>
                            <mdb:identificationInfo>
                                <mri:MD_DataIdentification>
                                    <mri:citation>
                                        <cit:CI_Citation>
                                            <cit:title>
                                                <gco:CharacterString>Sample Metadata for Minimal Conformance Class</gco:CharacterString>
                                            </cit:title>
                                        </cit:CI_Citation>
                                    </mri:citation>
                                    <mri:abstract>
                                        <gco:CharacterString>This sample record has all required elements for minimal ISO 19115:2013 metadata</gco:CharacterString>
                                    </mri:abstract>
                                </mri:MD_DataIdentification>
                            </mdb:identificationInfo>
                        </mdb:MD_Metadata>
                    </mda:has>
                </mda:DS_DataSet>
            </mda:composedOf>
        </mda:DS_Series>
    </mda:composedOf>
    <mda:composedOf>
        <mda:DS_Platform>
            <mda:has>
                <!--
                    This MD_Metadata record that describes the DS_Platform. In 19115 it was called seriesMetadata.
                -->
                <mdb:MD_Metadata>
                    <mdb:contact>
                        <cit:CI_Responsibility>
                            <cit:role>
                                <cit:CI_RoleCode codeList="codeListLocation#CI_RoleCode" codeListValue="pointOfContact">pointOfContact</cit:CI_RoleCode>
                            </cit:role>
                            <cit:party>
                                <cit:CI_Organisation>
                                    <cit:name>
                                        <gco:CharacterString>Organisation Name</gco:CharacterString>
                                    </cit:name>
                                </cit:CI_Organisation>
                            </cit:party>
                        </cit:CI_Responsibility>
                    </mdb:contact>
                    <mdb:dateInfo>
                        <cit:CI_Date>
                            <cit:date>
                                <gco:DateTime>2014-04-03T16:00:00</gco:DateTime>
                            </cit:date>
                            <cit:dateType>
                                <cit:CI_DateTypeCode codeList="codeListLocation#CI_DateTypeCode" codeListValue="creation">creation</cit:CI_DateTypeCode>
                            </cit:dateType>
                        </cit:CI_Date>
                    </mdb:dateInfo>
                    <mdb:identificationInfo>
                        <mri:MD_DataIdentification>
                            <mri:citation>
                                <cit:CI_Citation>
                                    <cit:title>
                                        <gco:CharacterString>Sample Metadata for Minimal Conformance Class</gco:CharacterString>
                                    </cit:title>
                                </cit:CI_Citation>
                            </mri:citation>
                            <mri:abstract>
                                <gco:CharacterString>This sample record has all required elements for minimal ISO 19115:2013 metadata</gco:CharacterString>
                            </mri:abstract>
                        </mri:MD_DataIdentification>
                    </mdb:identificationInfo>
                </mdb:MD_Metadata>
            </mda:has>
            <mda:composedOf>
                <mda:DS_Sensor>
                    <mda:has>
                        <!--
                         This MD_Metadata record that describes the DS_Platform. In 19115 it was called seriesMetadata.
                     -->
                        <mdb:MD_Metadata>
                            <mdb:contact>
                                <cit:CI_Responsibility>
                                    <cit:role>
                                        <cit:CI_RoleCode codeList="codeListLocation#CI_RoleCode" codeListValue="pointOfContact">pointOfContact</cit:CI_RoleCode>
                                    </cit:role>
                                    <cit:party>
                                        <cit:CI_Organisation>
                                            <cit:name>
                                                <gco:CharacterString>Organisation Name</gco:CharacterString>
                                            </cit:name>
                                        </cit:CI_Organisation>
                                    </cit:party>
                                </cit:CI_Responsibility>
                            </mdb:contact>
                            <mdb:dateInfo>
                                <cit:CI_Date>
                                    <cit:date>
                                        <gco:DateTime>2014-04-03T16:00:00</gco:DateTime>
                                    </cit:date>
                                    <cit:dateType>
                                        <cit:CI_DateTypeCode codeList="codeListLocation#CI_DateTypeCode" codeListValue="creation">creation</cit:CI_DateTypeCode>
                                    </cit:dateType>
                                </cit:CI_Date>
                            </mdb:dateInfo>
                            <mdb:identificationInfo>
                                <mri:MD_DataIdentification>
                                    <mri:citation>
                                        <cit:CI_Citation>
                                            <cit:title>
                                                <gco:CharacterString>Sample Metadata for Minimal Conformance Class</gco:CharacterString>
                                            </cit:title>
                                        </cit:CI_Citation>
                                    </mri:citation>
                                    <mri:abstract>
                                        <gco:CharacterString>This sample record has all required elements for minimal ISO 19115:2013 metadata</gco:CharacterString>
                                    </mri:abstract>
                                </mri:MD_DataIdentification>
                            </mdb:identificationInfo>
                        </mdb:MD_Metadata>
                    </mda:has>
                    <mda:composedOf/>
                </mda:DS_Sensor>
            </mda:composedOf>
            <mda:composedOf>
                <mda:DS_Sensor>
                    <mda:has>
                        <!--
                         This MD_Metadata record that describes the DS_Sensor. In 19115 it was called seriesMetadata.
                        -->
                        <mdb:MD_Metadata>
                            <mdb:contact>
                                <cit:CI_Responsibility>
                                    <cit:role>
                                        <cit:CI_RoleCode codeList="codeListLocation#CI_RoleCode" codeListValue="pointOfContact">pointOfContact</cit:CI_RoleCode>
                                    </cit:role>
                                    <cit:party>
                                        <cit:CI_Organisation>
                                            <cit:name>
                                                <gco:CharacterString>Organisation Name</gco:CharacterString>
                                            </cit:name>
                                        </cit:CI_Organisation>
                                    </cit:party>
                                </cit:CI_Responsibility>
                            </mdb:contact>
                            <mdb:dateInfo>
                                <cit:CI_Date>
                                    <cit:date>
                                        <gco:DateTime>2014-04-03T16:00:00</gco:DateTime>
                                    </cit:date>
                                    <cit:dateType>
                                        <cit:CI_DateTypeCode codeList="codeListLocation#CI_DateTypeCode" codeListValue="creation">creation</cit:CI_DateTypeCode>
                                    </cit:dateType>
                                </cit:CI_Date>
                            </mdb:dateInfo>
                            <mdb:identificationInfo>
                                <mri:MD_DataIdentification>
                                    <mri:citation>
                                        <cit:CI_Citation>
                                            <cit:title>
                                                <gco:CharacterString>Sample Metadata for Minimal Conformance Class</gco:CharacterString>
                                            </cit:title>
                                        </cit:CI_Citation>
                                    </mri:citation>
                                    <mri:abstract>
                                        <gco:CharacterString>This sample record has all required elements for minimal ISO 19115:2013 metadata</gco:CharacterString>
                                    </mri:abstract>
                                </mri:MD_DataIdentification>
                            </mdb:identificationInfo>
                        </mdb:MD_Metadata>
                    </mda:has>
                    <mda:composedOf/>
                </mda:DS_Sensor>
            </mda:composedOf>
        </mda:DS_Platform>
    </mda:composedOf>
</mda:DS_OtherAggregate>
