<?xml version="1.0" encoding="UTF-8"?>
<mdb:MD_Metadata xmlns:xsi="http://www.w3.org/2001/XMLSchema-instance" xmlns:mcc="http://schemas.isotc211.org/19115/-3/mcc/1.0" xmlns:mdb="http://schemas.isotc211.org/19115/-3/mdb/2.0" xmlns:gfc="http://schemas.isotc211.org/19110/gfc/1.1" xmlns:gco="http://schemas.isotc211.org/19115/-3/gco/1.0" xmlns:cit="http://schemas.isotc211.org/19115/-3/cit/2.0"
   xmlns:cat="http://schemas.isotc211.org/19115/-3/cat/1.0" xmlns:mac="http://schemas.isotc211.org/19115/-3/mac/2.0" xmlns:mrc="http://schemas.isotc211.org/19115/-3/mrc/2.0" xmlns:gml="http://www.opengis.net/gml/3.2" xmlns:xlink="http://www.w3.org/1999/xlink"
   xsi:schemaLocation="http://standards.iso.org/iso/19115/-3/mds/1.0 ../../mds/2.0/mds.xsd
   http://schemas.isotc211.org/19115/-3/cit/2.0 ../../cit/2.0/cit.xsd
   http://schemas.isotc211.org/19115/-3/mrc/2.0 ../../mac/2.0/mac.xsd
   http://schemas.isotc211.org/19115/-3/mrc/2.0 ../../mrc/2.0/mrc.xsd
   http://schemas.isotc211.org/19110/gfc/1.1 ../../../../19110/gfc/1.1/gfc.xsd">
   <!-- have to provide schema location for gfc to get concrete implementation of FeatureCatalog to include inline -->
   <mdb:metadataIdentifier/>
   <mdb:contact/>
   <mdb:dateInfo/>
   <mdb:spatialRepresentationInfo/>
   <mdb:identificationInfo/>
   <mdb:contentInfo>
      <mrc:MD_CoverageDescription id="contentInformationTarget">
         <mrc:attributeDescription>
            <gco:RecordType xlink:href="http://www.ngdc.noaa.gov/getRecordDescription/gov.noaa.class:AERO200"/>
         </mrc:attributeDescription>
         <mrc:attributeGroup>
            <mrc:MD_AttributeGroup id="MD_AttributeGroupTarget">
               <mrc:contentType>
                  <mrc:MD_CoverageContentTypeCode codeList="http://schemas.isotc211.org/19115/resources/Codelist/cat/codelists.xml#MD_CoverageContentTypeCode" codeListValue="physicalMeasurement">mrc:contentType/mrc:MD_CoverageContentTypeCode</mrc:MD_CoverageContentTypeCode>
               </mrc:contentType>
               <mrc:attribute>
                  <mrc:MD_SampleDimension>
                     <mrc:sequenceIdentifier>
                        <gco:MemberName>
                           <gco:aName>
                              <gco:CharacterString>gco:aName/gco:CharacterString</gco:CharacterString>
                           </gco:aName>
                           <gco:attributeType>
                              <gco:TypeName>
                                 <gco:aName>
                                    <gco:CharacterString>gco:aName/gco:CharacterString</gco:CharacterString>
                                 </gco:aName>
                              </gco:TypeName>
                           </gco:attributeType>
                        </gco:MemberName>
                     </mrc:sequenceIdentifier>
                     <mrc:description>
                        <gco:CharacterString>mrc:description/gco:CharacterString</gco:CharacterString>
                     </mrc:description>
                     <mrc:maxValue>
                        <gco:Real>999</gco:Real>
                     </mrc:maxValue>
                     <mrc:minValue>
                        <gco:Real>-999</gco:Real>
                     </mrc:minValue>
                     <mrc:units xlink:href="http://TBD_UnitsDictionary#Optical_Thickness_Unit__X_1000"/>
                     <mrc:scaleFactor>
                        <gco:Real>999</gco:Real>
                     </mrc:scaleFactor>
                     <mrc:rangeElementDescription>
                        <mrc:MI_RangeElementDescription>
                           <mrc:name>
                              <gco:CharacterString>mrc:name/gco:CharacterString</gco:CharacterString>
                           </mrc:name>
                           <mrc:definition>
                              <gco:CharacterString>mrc:definition/gco:CharacterString</gco:CharacterString>
                           </mrc:definition>
                           <mrc:rangeElement>
                              <gco:Record>
                                 <gco:CharacterString>gco:Record/gco:CharacterString</gco:CharacterString>
                              </gco:Record>
                           </mrc:rangeElement>
                        </mrc:MI_RangeElementDescription>
                     </mrc:rangeElementDescription>
                  </mrc:MD_SampleDimension>
               </mrc:attribute>
               <mrc:attribute>
                  <mrc:MD_SampleDimension>
                     <mrc:sequenceIdentifier>
                        <gco:MemberName>
                           <gco:aName>
                              <gco:CharacterString>gco:aName/gco:CharacterString</gco:CharacterString>
                           </gco:aName>
                           <gco:attributeType>
                              <gco:TypeName>
                                 <gco:aName>
                                    <gco:CharacterString>gco:aName/gco:CharacterString</gco:CharacterString>
                                 </gco:aName>
                              </gco:TypeName>
                           </gco:attributeType>
                        </gco:MemberName>
                     </mrc:sequenceIdentifier>
                     <mrc:description>
                        <gco:CharacterString>mrc:description/gco:CharacterString</gco:CharacterString>
                     </mrc:description>
                     <mrc:maxValue>
                        <gco:Real>888</gco:Real>
                     </mrc:maxValue>
                     <mrc:minValue>
                        <gco:Real>-888</gco:Real>
                     </mrc:minValue>
                     <mrc:units xlink:href="http://TBD_UnitsDictionary#Optical_Thickness_Unit__X_1000"/>
                     <mrc:scaleFactor>
                        <gco:Real>888</gco:Real>
                     </mrc:scaleFactor>
                  </mrc:MD_SampleDimension>
               </mrc:attribute>
               <mrc:attribute>
                  <mrc:MD_SampleDimension>
                     <mrc:sequenceIdentifier>
                        <gco:MemberName>
                           <gco:aName>
                              <gco:CharacterString>gco:aName/gco:CharacterString</gco:CharacterString>
                           </gco:aName>
                           <gco:attributeType>
                              <gco:TypeName>
                                 <gco:aName>
                                    <gco:CharacterString>gco:aName/gco:CharacterString</gco:CharacterString>
                                 </gco:aName>
                              </gco:TypeName>
                           </gco:attributeType>
                        </gco:MemberName>
                     </mrc:sequenceIdentifier>
                     <mrc:description>
                        <gco:CharacterString>mrc:description/gco:CharacterString</gco:CharacterString>
                     </mrc:description>
                     <mrc:maxValue>
                        <gco:Real>777</gco:Real>
                     </mrc:maxValue>
                     <mrc:minValue>
                        <gco:Real>-777</gco:Real>
                     </mrc:minValue>
                     <mrc:units xlink:href="http://TBD_UnitsDictionary#units/100_km_(x_1000)"/>
                     <mrc:scaleFactor>
                        <gco:Real>777</gco:Real>
                     </mrc:scaleFactor>
                  </mrc:MD_SampleDimension>
               </mrc:attribute>
            </mrc:MD_AttributeGroup>
         </mrc:attributeGroup>
         <mrc:attributeGroup>
            <mrc:MD_AttributeGroup>
               <mrc:contentType>
                  <mrc:MD_CoverageContentTypeCode codeList="http://schemas.isotc211.org/19115/resources/Codelist/cat/codelists.xml#MD_CoverageContentTypeCode" codeListValue="referenceInformation">mrc:contentType/mrc:MD_CoverageContentTypeCode</mrc:MD_CoverageContentTypeCode>
               </mrc:contentType>
               <mrc:attribute>
                  <mrc:MD_SampleDimension>
                     <mrc:sequenceIdentifier>
                        <gco:MemberName>
                           <gco:aName>
                              <gco:CharacterString>gco:aName/gco:CharacterString</gco:CharacterString>
                           </gco:aName>
                           <gco:attributeType>
                              <gco:TypeName>
                                 <gco:aName>
                                    <gco:CharacterString>gco:aName/gco:CharacterString</gco:CharacterString>
                                 </gco:aName>
                              </gco:TypeName>
                           </gco:attributeType>
                        </gco:MemberName>
                     </mrc:sequenceIdentifier>
                     <mrc:description>
                        <gco:CharacterString>mrc:description/gco:CharacterString</gco:CharacterString>
                     </mrc:description>
                  </mrc:MD_SampleDimension>
               </mrc:attribute>
               <mrc:attribute>
                  <mrc:MD_SampleDimension>
                     <mrc:sequenceIdentifier>
                        <gco:MemberName>
                           <gco:aName>
                              <gco:CharacterString>gco:aName/gco:CharacterString</gco:CharacterString>
                           </gco:aName>
                           <gco:attributeType>
                              <gco:TypeName>
                                 <gco:aName>
                                    <gco:CharacterString>gco:aName/gco:CharacterString</gco:CharacterString>
                                 </gco:aName>
                              </gco:TypeName>
                           </gco:attributeType>
                        </gco:MemberName>
                     </mrc:sequenceIdentifier>
                     <mrc:description>
                        <gco:CharacterString>mrc:description/gco:CharacterString</gco:CharacterString>
                     </mrc:description>
                     <mrc:maxValue>
                        <gco:Real>666</gco:Real>
                     </mrc:maxValue>
                     <mrc:minValue>
                        <gco:Real>-666</gco:Real>
                     </mrc:minValue>
                     <mrc:units xlink:href="http://TBD_UnitsDictionary#Degrees"/>
                     <mrc:scaleFactor>
                        <gco:Real>666</gco:Real>
                     </mrc:scaleFactor>
                  </mrc:MD_SampleDimension>
               </mrc:attribute>
               <mrc:attribute>
                  <mrc:MD_Band>
                     <mrc:boundMax/>
                     <mrc:boundMin/>
                  </mrc:MD_Band>
               </mrc:attribute>
               <mrc:attribute>
                  <mrc:MI_Band>
                     <mrc:boundMax/>
                     <mrc:boundMin/>
                     <mrc:bandBoundaryDefinition>
                        <mrc:MI_BandDefinition codeList="" codeListValue="fiftyPercent"/>
                     </mrc:bandBoundaryDefinition>
                     <mrc:nominalSpatialResolution>
                        <gco:Real>555</gco:Real>
                     </mrc:nominalSpatialResolution>
                     <mrc:sensor>
                        <mac:MI_Sensor>
                           <mac:identifier/>
                           <mac:type/>
                           <mac:hosted/>
                        </mac:MI_Sensor>
                     </mrc:sensor>
                  </mrc:MI_Band>
               </mrc:attribute>
            </mrc:MD_AttributeGroup>
         </mrc:attributeGroup>
      </mrc:MD_CoverageDescription>
   </mdb:contentInfo>
   <mdb:contentInfo>
      <mrc:MD_FeatureCatalogueDescription>
         <mrc:includedWithDataset>
            <gco:Boolean>true</gco:Boolean>
         </mrc:includedWithDataset>
         <mrc:featureTypes>
            <mrc:MD_FeatureTypeInfo>
               <mrc:featureTypeName>
                  <gco:ScopedName codeSpace="scopedNameCodeSpace">mrc:featureTypeName/gco:ScopedName</gco:ScopedName>
               </mrc:featureTypeName>
            </mrc:MD_FeatureTypeInfo>
         </mrc:featureTypes>
         <mrc:featureCatalogueCitation gco:nilReason="unknown"/>
         <mrc:featureCatalogueCitation>
            <cit:CI_Citation>
               <cit:title>
                  <gco:CharacterString>cit:title/gco:CharacterString</gco:CharacterString>
               </cit:title>
               <cit:date>
                  <cit:CI_Date>
                     <cit:date>
                        <gco:DateTime>2017-02-17T00:00:22</gco:DateTime>
                     </cit:date>
                     <cit:dateType>
                        <cit:CI_DateTypeCode codeList="codeListLocation#CI_DateTypeCode" codeListValue="featureCatalogDate">cit:dateType/cit:CI_DateTypeCode</cit:CI_DateTypeCode>
                     </cit:dateType>
                  </cit:CI_Date>
               </cit:date>
            </cit:CI_Citation>
         </mrc:featureCatalogueCitation>
      </mrc:MD_FeatureCatalogueDescription>
   </mdb:contentInfo>
   <mdb:contentInfo>
      <mrc:MD_ImageDescription>
         <mrc:attributeDescription gco:nilReason="unknown"/>
         <mrc:processingLevelCode>
            <mcc:MD_Identifier>
               <mcc:code>
                  <gco:CharacterString>mcc:code/gco:CharacterString</gco:CharacterString>
               </mcc:code>
            </mcc:MD_Identifier>
         </mrc:processingLevelCode>
      </mrc:MD_ImageDescription>
   </mdb:contentInfo>
</mdb:MD_Metadata>
